lgarcia;Lucía;García;lgarcia85@gmail.com;15/3/1985;Uruguaya;awdrg543;https://blfw.short.gy/G1Ylvj
matilo;Matías;López;matias.lopez90@hotmail.com;21/8/1990;Argentina;edrft543;https://blfw.short.gy/WFVWns
maro;María;Rodríguez;marrod@gmail.com;10/11/1988;Uruguaya;r5t6y7u8;https://blfw.short.gy/64PVAe
javierf;Javier;Fernández;javierf93@yahoo.com;5/6/1993;Mexicana;45idgaf67;https://blfw.short.gy/V8xhmK
valen25;Valentina;Martínez;vale87@gmail.com;25/2/1987;Uruguaya;poiuy987;https://blfw.short.gy/HIMtg7
andpe12;Andrés;Pérez;anpe92@hotmail.com;12/4/1992;Chilena;xdrgb657;https://blfw.short.gy/nqLl36
sicam;Camila;Silva;camilasilva89@gmail.com;30/9/1989;Uruguaya;mnjkiu89;https://blfw.short.gy/ZyTlSt
sebgon;Sebastián;González;gonza95@yahoo.com;18/1/1995;Colombiana;ytrewq10;https://blfw.short.gy/Q4mSRi
isabel;Isabella;López;loisa@gmail.com;7/7/1991;Uruguaya;sbsplol1;https://blfw.short.gy/Wv6ZjA
marram02;Martín;Ramírez;marram@hotmail.com;2/12/1986;Argentina;okmnji98;https://blfw.short.gy/ENxkLG
